home_team_name,away_team_name,referee,Pre-Match PPG (Home),Pre-Match PPG (Away),home_ppg,away_ppg,home_team_goal_count,away_team_goal_count,total_goal_count,total_goals_at_half_time,home_team_goal_count_half_time,away_team_goal_count_half_time,home_team_goal_timings,away_team_goal_timings,home_team_corner_count,away_team_corner_count,home_team_yellow_cards,home_team_red_cards,away_team_yellow_cards,away_team_red_cards,home_team_first_half_cards,home_team_second_half_cards,away_team_first_half_cards,away_team_second_half_cards,home_team_shots,away_team_shots,home_team_shots_on_target,away_team_shots_on_target,home_team_shots_off_target,away_team_shots_off_target,home_team_fouls,away_team_fouls,home_team_possession,away_team_possession
Manchester United,Leicester City,Andre Marriner,0,0,1.89,1.32,2,1,3,1,1,0,"3,83",90'2,2,5,2,0,1,0,0,2,0,1,9,14,7,5,2,9,11,7,44,56
Newcastle United,Tottenham Hotspur,Martin Atkinson,0,0,1.32,1.74,1,2,3,3,1,2,11,"8,18",3,5,2,0,2,0,0,2,1,1,16,17,3,7,13,10,10,12,44,56
AFC Bournemouth,Cardiff City,Kevin Friend,0,0,1.53,0.74,2,0,2,1,1,0,"24,90'1",,7,4,1,0,1,0,1,0,1,0,9,11,4,2,5,9,11,7,62,38
Fulham,Crystal Palace,Mike Dean,0,0,1.11,1.53,0,2,2,1,0,1,,"41,79",5,5,1,0,2,0,1,0,1,1,12,12,7,10,5,2,9,11,60,40
Huddersfield Town,Chelsea,Chris Kavanagh,0,0,0.47,1.58,0,3,3,2,0,2,,"34,45,80",2,5,2,0,1,0,1,1,0,1,8,12,3,5,5,7,8,8,40,60
Watford,Brighton & Hove Albion,Jonathan Moss,0,0,1.42,0.68,2,0,2,1,1,0,"35,54",,8,2,2,0,2,0,0,2,1,1,19,7,6,2,13,5,10,14,56,44
Wolverhampton Wanderers,Everton,Craig Pawson,0,0,1.79,1.05,2,2,4,2,1,1,"44,80","17,67",3,6,0,0,1,1,0,0,2,0,12,7,5,6,7,1,8,7,57,43
Liverpool,West Ham United,Anthony Taylor,0,0,2.79,1.11,4,0,4,2,2,0,"19,45'2,53,88",,5,4,1,0,2,0,1,0,0,2,19,6,9,3,10,3,14,9,61,39
Southampton,Burnley,Graham Scott,0,0,1.21,0.89,0,0,0,0,0,0,,,8,5,0,0,1,0,0,0,1,0,19,15,4,7,15,8,10,9,48,52
Arsenal,Manchester City,Michael Oliver,0,0,2.37,2.32,0,2,2,1,0,1,,"14,64",2,9,2,0,2,0,1,1,1,1,10,20,4,10,6,10,12,13,40,60
Cardiff City,Newcastle United,Craig Pawson,0,0,1.05,1.05,0,0,0,0,0,0,,,5,5,2,0,2,1,0,2,2,1,14,12,2,6,12,6,14,17,51,49
Everton,Southampton,Lee Mason,0,0,1.79,0.84,2,1,3,2,2,0,"15,31",54,2,5,0,0,5,0,0,0,4,1,14,12,8,4,6,8,8,20,59,41
Leicester City,Wolverhampton Wanderers,Mike Dean,0,0,1.42,1.21,2,0,2,2,2,0,"29,45",,1,9,2,1,1,0,0,3,0,1,7,11,3,3,4,8,10,8,40,60
Tottenham Hotspur,Fulham,Anthony Taylor,0,0,2,0.26,3,1,4,1,1,0,"43,74,77",52,5,2,0,0,0,0,0,0,0,0,27,10,13,4,14,6,9,5,64,36
West Ham United,AFC Bournemouth,Stuart Attwell,0,0,1.63,0.84,1,2,3,1,1,0,33,"60,66",6,4,6,0,2,0,1,5,1,1,11,14,5,7,6,7,14,9,57,43
Chelsea,Arsenal,Martin Atkinson,0,0,2.21,1.32,3,2,5,4,2,2,"9,20,81","37,41",5,1,0,0,2,0,0,0,1,1,25,17,12,8,13,9,12,9,56,44
Burnley,Watford,Paul Tierney,0,0,1.21,1.21,1,3,4,2,1,1,6,"3,48,51",5,2,1,0,2,0,0,1,1,1,9,10,4,7,5,3,8,19,58,42
Manchester City,Huddersfield Town,Andre Marriner,0,0,2.84,0.37,6,1,7,4,3,1,"25,31,35,48,75,84",43,10,3,0,0,2,0,0,0,0,2,33,6,15,2,18,4,9,3,68,32
Brighton & Hove Albion,Manchester United,Kevin Friend,0,0,1.21,1.58,3,2,5,4,3,1,"25,27,44","34,90'5",3,5,1,0,1,0,0,1,1,0,3,5,0,2,3,3,15,12,39,61
Crystal Palace,Liverpool,Michael Oliver,0,0,1.05,2.32,0,2,2,1,0,1,,"45,90'3",6,7,1,1,1,0,1,1,0,1,10,17,4,7,6,10,5,13,43,57
Wolverhampton Wanderers,Manchester City,Martin Atkinson,1,3,1.79,2.32,1,1,2,0,0,0,57,69,5,9,1,0,2,0,1,0,1,1,12,19,3,7,9,12,12,8,31,69
AFC Bournemouth,Everton,Lee Probert,3,1,1.53,1.05,2,2,4,0,0,0,"75,79","56,66",6,2,0,1,3,1,0,1,1,3,16,12,6,4,10,8,12,10,48,52
Arsenal,West Ham United,Graham Scott,0,0,2.37,1.11,3,1,4,2,1,1,"30,70,90'2",25,7,2,1,0,3,0,0,1,1,2,18,14,11,6,7,8,16,13,60,40
Huddersfield Town,Cardiff City,Michael Oliver,0,0,0.47,0.74,0,0,0,0,0,0,,,7,7,0,1,1,0,0,1,0,1,5,9,2,5,3,4,8,10,55,45
Southampton,Leicester City,Jonathan Moss,1,0,1.21,1.32,1,2,3,0,0,0,52,"56,90'2",10,3,2,1,1,0,1,2,0,1,11,8,6,6,5,2,12,11,55,45
Liverpool,Brighton & Hove Albion,Chris Kavanagh,3,0,2.79,0.68,1,0,1,1,1,0,23,,8,5,1,0,1,0,0,1,0,1,22,7,9,3,13,4,8,13,68,32
Watford,Crystal Palace,Anthony Taylor,3,3,1.42,1.53,2,1,3,0,0,0,"53,71",78,6,3,4,0,2,0,2,2,1,1,14,10,6,4,8,6,13,11,47,53
Fulham,Burnley,David Coote,0,1,1.11,0.89,4,2,6,5,3,2,"4,36,38,83","10,41",6,4,2,0,1,0,0,2,0,1,23,11,13,3,10,8,11,8,61,39
Newcastle United,Chelsea,Paul Tierney,0,3,1.32,1.58,1,2,3,0,0,0,83,"76,87",4,5,3,0,1,0,0,3,1,0,7,16,3,4,4,12,14,8,27,73
Manchester United,Tottenham Hotspur,Craig Pawson,3,3,1.89,1.74,0,3,3,0,0,0,,"50,52,84",5,2,2,0,3,0,1,1,2,1,18,7,6,4,12,3,11,16,51,49
Leicester City,Liverpool,Paul Tierney,3,3,1.42,2.32,1,2,3,2,0,2,63,"10,45",4,4,3,0,2,0,0,3,0,2,13,11,6,5,7,6,9,12,50,50
Brighton & Hove Albion,Fulham,Lee Probert,3,0,1.21,0.26,2,2,4,1,0,1,"67,84","43,62",7,1,3,0,3,0,1,2,0,3,15,11,5,6,10,5,11,9,49,51
Chelsea,AFC Bournemouth,Lee Mason,3,3,2.21,0.84,2,0,2,0,0,0,"72,85",,7,6,2,0,2,0,1,1,1,1,24,10,7,2,17,8,10,7,66,34
Crystal Palace,Southampton,Martin Atkinson,0,0,1.05,0.84,0,2,2,0,0,0,,"47,90'2",7,4,1,0,1,0,0,1,0,1,22,20,7,6,15,14,10,12,49,51
Everton,Huddersfield Town,Stuart Attwell,3,0,1.79,0.37,1,1,2,2,1,1,36,34,4,3,3,0,3,0,0,3,1,2,11,9,2,6,9,3,13,14,57,43
West Ham United,Wolverhampton Wanderers,Chris Kavanagh,0,0,1.63,1.21,0,1,1,0,0,0,,90'3,4,4,2,0,1,0,1,1,0,1,14,16,4,7,10,9,10,11,45,55
Manchester City,Newcastle United,Kevin Friend,3,1,2.84,1.05,2,1,3,2,1,1,"8,52",30,4,0,0,0,0,0,0,0,0,0,25,4,9,3,16,1,6,13,78,22
Cardiff City,Arsenal,Anthony Taylor,1,0,1.05,1.32,2,3,5,2,1,1,"45'2,70","11,62,81",3,9,3,0,4,0,0,3,1,3,15,18,4,12,11,6,13,12,36,64
Burnley,Manchester United,Jonathan Moss,0,0,1.21,1.58,0,2,2,2,0,2,,"27,44",2,5,2,0,3,1,0,2,1,3,10,24,5,12,5,12,6,13,45,55
Watford,Tottenham Hotspur,Andre Marriner,3,3,1.42,1.74,2,1,3,0,0,0,"69,76",53,3,10,2,0,1,0,0,2,0,1,8,12,4,3,4,9,9,8,36,64
Tottenham Hotspur,Liverpool,Michael Oliver,3,3,2,2.32,1,2,3,1,0,1,90'3,"39,54",5,4,0,0,0,0,0,0,0,0,13,18,4,11,9,7,17,16,57,43
AFC Bournemouth,Leicester City,Craig Pawson,2,1.5,1.53,1.32,4,2,6,3,3,0,"19,37,41,81","88,89",4,6,3,0,3,1,1,2,2,2,11,17,6,9,5,8,12,15,44,56
Chelsea,Cardiff City,Jonathan Moss,3,0.5,2.21,0.74,4,1,5,3,2,1,"37,43,80,83",16,5,4,0,0,0,0,0,0,0,0,20,7,8,3,12,4,8,9,66,34
Huddersfield Town,Crystal Palace,Lee Mason,0.5,1.5,0.47,1.53,0,1,1,1,0,1,,38,5,3,1,0,2,0,1,0,2,0,13,8,2,3,11,5,11,17,60,40
Manchester City,Fulham,Stuart Attwell,3,0.5,2.84,0.26,3,0,3,2,2,0,"2,21,47",,10,4,0,0,0,0,0,0,0,0,28,10,10,4,18,6,6,7,64,36
Newcastle United,Arsenal,Lee Probert,0,1.5,1.32,1.32,1,2,3,0,0,0,90'1,"49,58",10,4,0,0,0,0,0,0,0,0,6,11,4,3,2,8,13,11,40,60
Watford,Manchester United,Mike Dean,3,1.5,1.42,1.58,1,2,3,2,0,2,65,"35,38",6,8,2,0,2,1,2,0,0,3,15,10,6,7,9,3,9,10,46,54
Wolverhampton Wanderers,Burnley,Andre Marriner,1,0.5,1.79,0.89,1,0,1,0,0,0,61,,8,2,2,0,4,0,0,2,2,2,30,8,7,3,23,5,10,9,56,44
Everton,West Ham United,Martin Atkinson,2,0,1.79,1.11,1,3,4,3,1,2,45'2,"11,31,61",4,2,2,0,5,0,1,1,1,4,17,10,5,5,12,5,15,12,58,42
Southampton,Brighton & Hove Albion,Anthony Taylor,0.5,0,1.21,0.68,2,2,4,1,1,0,"35,65","67,90",1,4,2,0,3,0,0,2,0,3,14,13,5,5,9,8,9,12,53,47
Fulham,Watford,Martin Atkinson,1.5,3,1.11,1.21,1,1,2,1,0,1,78,2,8,8,2,0,1,0,2,0,0,1,16,12,4,7,12,5,12,9,53,47
Burnley,AFC Bournemouth,Anthony Taylor,0,1.5,1.21,0.84,4,0,4,2,2,0,"39,41,83,88",,3,8,2,0,0,0,1,1,0,0,12,20,6,7,6,13,17,7,44,56
Cardiff City,Manchester City,Michael Oliver,0.5,2,1.05,2.32,0,5,5,3,0,3,,"32,35,44,67,89",1,9,1,0,1,0,1,0,0,1,3,22,3,11,0,11,6,5,25,75
Crystal Palace,Newcastle United,Andre Marriner,0,0.5,1.05,1.05,0,0,0,0,0,0,,,9,5,1,0,1,0,0,1,1,0,16,7,5,4,11,3,8,11,62,38
Leicester City,Huddersfield Town,David Coote,1.5,0.5,1.42,0.37,3,1,4,2,1,1,"19,66,75",5,3,1,2,0,1,0,2,0,0,1,16,8,9,3,7,5,10,16,54,46
Liverpool,Southampton,Paul Tierney,3,1.5,2.79,0.84,3,0,3,3,3,0,"10,21,45'3",,5,4,0,0,2,0,0,0,1,1,10,6,5,2,5,4,7,10,55,45
Manchester United,Wolverhampton Wanderers,Kevin Friend,1.5,1.5,1.89,1.21,1,1,2,1,1,0,18,53,5,4,1,0,1,0,1,0,0,1,7,11,4,9,3,2,4,16,61,39
Brighton & Hove Albion,Tottenham Hotspur,Chris Kavanagh,2,2,1.21,1.74,1,2,3,1,0,1,90'3,"42,76",5,7,2,0,1,0,0,2,0,1,10,17,6,8,4,9,12,9,35,65
West Ham United,Chelsea,Mike Dean,0,3,1.63,1.58,0,0,0,0,0,0,,,1,8,2,0,1,0,0,2,0,1,7,19,2,8,5,11,11,7,35,65
Arsenal,Everton,Jonathan Moss,1.5,1,2.37,1.05,2,0,2,0,0,0,"56,59",,5,9,2,0,1,0,2,0,1,0,10,10,6,7,4,3,15,12,57,43
West Ham United,Manchester United,Michael Oliver,0.33,2,1.63,1.58,3,1,4,2,2,0,"5,43,74",71,4,9,0,0,1,0,0,0,0,1,5,6,2,5,3,1,12,11,50,50
Arsenal,Watford,Anthony Taylor,2,2,2.37,1.21,2,0,2,0,0,0,"81,83",,6,6,2,0,2,0,1,1,1,1,8,13,3,5,5,8,10,17,56,44
Everton,Fulham,Roger East,1.33,0.33,1.79,0.26,3,0,3,0,0,0,"56,66,89",,12,1,0,0,3,0,0,0,1,2,20,6,7,0,13,6,13,12,54,46
Huddersfield Town,Tottenham Hotspur,Craig Pawson,0.33,2.25,0.47,1.74,0,2,2,2,0,2,,"25,34",3,0,2,0,2,0,1,1,0,2,10,12,6,7,4,5,16,16,54,46
Manchester City,Brighton & Hove Albion,Lee Mason,3,0.33,2.84,0.68,2,0,2,1,1,0,"29,65",,10,3,0,0,3,0,0,0,2,1,14,4,7,2,7,2,4,11,75,25
Newcastle United,Leicester City,Simon Hooper,0,1,1.32,1.32,0,2,2,1,0,1,,"30,73",5,9,0,0,0,0,0,0,0,0,8,11,3,6,5,5,10,5,41,59
Wolverhampton Wanderers,Southampton,Stuart Attwell,1.67,1,1.79,0.84,2,0,2,0,0,0,"79,87",,8,6,3,0,1,0,0,3,0,1,17,18,7,7,10,11,11,6,52,48
Chelsea,Liverpool,Andre Marriner,3,3,2.21,2.32,1,1,2,1,1,0,25,89,4,4,0,0,2,0,0,0,1,1,12,14,5,7,7,7,7,9,42,58
Cardiff City,Burnley,Martin Atkinson,0.33,0.33,1.05,0.89,1,2,3,0,0,0,60,"51,70",10,2,1,0,3,0,0,1,1,2,19,4,5,3,14,1,11,15,57,43
AFC Bournemouth,Crystal Palace,Mike Dean,2.33,2,1.53,1.53,2,1,3,1,1,0,"5,87",55,3,3,3,0,4,0,1,2,0,4,12,11,6,3,6,8,9,11,47,53
Brighton & Hove Albion,West Ham United,Kevin Friend,1.33,1,1.21,1.11,1,0,1,1,1,0,25,,2,9,3,0,2,0,1,2,0,2,11,17,6,4,5,13,13,6,37,63
Burnley,Huddersfield Town,Chris Kavanagh,1,0.33,1.21,0.37,1,1,2,1,1,0,20,66,1,10,2,0,2,0,0,2,0,2,6,20,4,4,2,16,7,11,35,65
Crystal Palace,Wolverhampton Wanderers,Michael Oliver,0.33,1.33,1.05,1.21,0,1,1,0,0,0,,56,6,3,3,0,4,0,1,2,0,4,14,8,6,3,8,5,11,13,64,36
Leicester City,Everton,Andre Marriner,2,0.67,1.42,1.05,1,2,3,2,1,1,40,"7,77",2,10,3,1,1,0,2,2,1,0,9,17,3,9,6,8,10,11,49,51
Tottenham Hotspur,Cardiff City,Mike Dean,1.5,0.33,2,0.74,1,0,1,1,1,0,8,,6,2,3,0,1,1,0,3,0,2,20,8,7,5,13,3,7,11,70,30
Watford,AFC Bournemouth,Jonathan Moss,2.25,1,1.42,0.84,0,4,4,3,0,3,,"14,33,45,47",10,7,4,1,1,0,3,2,0,1,17,12,3,8,14,4,10,9,51,49
Manchester United,Newcastle United,Anthony Taylor,1.33,0.67,1.89,1.05,3,2,5,2,0,2,"70,76,90","7,10",10,6,2,0,2,0,1,1,0,2,13,10,9,7,4,3,16,9,64,36
Fulham,Arsenal,Paul Tierney,1.33,2,1.11,1.32,1,5,6,2,1,1,44,"29,49,67,79,90'1",4,2,2,0,0,0,0,2,0,0,22,10,5,8,17,2,11,12,49,51
Southampton,Chelsea,Craig Pawson,0.67,2.33,1.21,1.58,0,3,3,1,0,1,,"30,57,90'3",4,12,6,0,0,0,1,5,0,0,16,22,7,7,9,15,13,11,38,62
Liverpool,Manchester City,Martin Atkinson,3,2.33,2.79,2.32,0,0,0,0,0,0,,,2,6,1,0,3,0,0,1,1,2,8,7,3,3,5,4,9,10,52,48
Chelsea,Manchester United,Mike Dean,2.5,1.5,2.21,1.58,2,2,4,1,1,0,"21,90'6","55,73",5,3,2,0,5,0,2,0,2,3,22,8,7,5,15,3,9,15,59,41
AFC Bournemouth,Southampton,Lee Probert,2.5,0.75,1.53,0.84,0,0,0,0,0,0,,,6,4,1,0,2,0,0,1,2,0,11,10,3,5,8,5,9,14,55,45
Cardiff City,Fulham,Kevin Friend,0.25,0.25,1.05,0.26,4,2,6,4,2,2,"15,20,65,87","11,34",4,4,3,0,3,0,1,2,3,0,21,9,6,5,15,4,15,14,46,54
Manchester City,Burnley,Jonathan Moss,3,1,2.84,0.89,5,0,5,1,1,0,"17,54,56,83,90",,10,1,2,0,2,0,1,1,2,0,24,6,11,0,13,6,9,5,68,32
Newcastle United,Brighton & Hove Albion,Andre Marriner,0,0.25,1.32,0.68,0,1,1,1,0,1,,29,10,2,0,0,2,0,0,0,1,1,22,5,9,0,13,5,11,16,66,34
West Ham United,Tottenham Hotspur,Martin Atkinson,1,2.4,1.63,1.74,0,1,1,1,0,1,,44,10,6,3,0,0,0,0,3,0,0,15,12,5,4,10,8,10,10,44,56
Wolverhampton Wanderers,Watford,Lee Mason,2,1.33,1.79,1.21,0,2,2,2,0,2,,"20,21",8,2,3,0,1,0,1,2,0,1,11,10,2,4,9,6,22,13,45,55
Huddersfield Town,Liverpool,Michael Oliver,0.25,2.5,0.47,2.32,0,1,1,1,0,1,,24,2,4,0,0,2,0,0,0,1,1,14,12,2,3,12,9,9,5,47,53
Everton,Crystal Palace,Anthony Taylor,1.75,1.5,1.79,1.53,2,0,2,0,0,0,"87,89",,10,5,2,0,1,0,1,1,0,1,20,7,5,3,15,4,12,17,57,43
Arsenal,Leicester City,Chris Kavanagh,2.25,1.5,2.37,1.32,3,1,4,2,1,1,"45,63,66",31,6,4,2,0,2,0,2,0,0,2,21,9,8,3,13,6,10,9,65,35
Brighton & Hove Albion,Wolverhampton Wanderers,Anthony Taylor,1.75,1.75,1.21,1.21,1,0,1,0,0,0,48,,1,10,3,0,0,0,0,3,0,0,7,26,2,8,5,18,11,6,41,59
Fulham,AFC Bournemouth,Andre Marriner,1,1.5,1.11,0.84,0,3,3,1,0,1,,"14,72,85",5,5,3,1,1,0,1,3,0,1,11,13,2,6,9,7,15,3,49,51
Liverpool,Cardiff City,Stuart Attwell,2.5,0.25,2.79,0.74,4,1,5,1,1,0,"10,66,84,87",77,8,0,0,0,0,0,0,0,0,0,18,3,8,2,10,1,6,4,75,25
Southampton,Newcastle United,Chris Kavanagh,0.5,0.5,1.21,1.05,0,0,0,0,0,0,,,7,2,0,0,1,0,0,0,0,1,22,7,4,0,18,7,9,12,53,47
Watford,Huddersfield Town,Mike Dean,1.8,0.5,1.42,0.37,3,0,3,2,2,0,"10,19,80",,3,3,1,0,2,0,0,1,1,1,15,14,8,7,7,7,9,12,47,53
Leicester City,West Ham United,Michael Oliver,1.5,0.75,1.42,1.11,1,1,2,1,0,1,89,30,8,0,1,0,1,1,0,1,1,1,20,12,6,4,14,8,17,5,57,43
Burnley,Chelsea,Craig Pawson,1,2.5,1.21,1.58,0,4,4,1,0,1,,"22,57,62,90'2",4,4,4,0,2,0,1,3,2,0,8,24,2,9,6,15,14,9,36,64
Crystal Palace,Arsenal,Martin Atkinson,0.25,2.25,1.05,1.32,2,2,4,1,1,0,"45'1,83","51,56",6,4,1,0,2,0,1,0,0,2,17,8,4,3,13,5,9,13,49,51
Manchester United,Everton,Jonathan Moss,1.75,1.25,1.89,1.05,2,1,3,1,1,0,"27,49",77,8,4,2,0,1,0,2,0,1,0,14,16,10,9,4,7,14,11,52,48
Tottenham Hotspur,Manchester City,Kevin Friend,2,2,2,2.32,0,1,1,1,0,1,,6,3,6,2,0,2,0,1,1,0,2,5,13,2,6,3,7,13,13,48,52
AFC Bournemouth,Manchester United,Paul Tierney,2.2,1.4,1.53,1.58,1,2,3,2,1,1,11,"35,90'2",9,5,4,0,3,0,0,4,0,3,20,18,9,7,11,11,12,11,49,51
Cardiff City,Leicester City,Lee Probert,0.8,1.2,1.05,1.32,0,1,1,0,0,0,,55,6,12,2,0,2,0,1,1,1,1,15,15,4,6,11,9,13,12,46,54
Everton,Brighton & Hove Albion,David Coote,2,0.8,1.79,0.68,3,1,4,2,1,1,"26,50,77",33,6,4,0,0,1,0,0,0,1,0,16,6,4,4,12,2,9,17,64,36
Newcastle United,Watford,Craig Pawson,0,1.75,1.32,1.21,1,0,1,0,0,0,65,,8,9,1,0,5,0,0,1,1,4,9,16,3,3,6,13,11,10,43,57
West Ham United,Burnley,Roger East,0.8,0.8,1.63,0.89,4,2,6,2,1,1,"10,68,84,90'2","45,77",10,4,1,0,4,0,1,0,0,4,22,7,10,4,12,3,7,9,64,36
Arsenal,Liverpool,Andre Marriner,2.4,2.6,2.37,2.32,1,1,2,0,0,0,82,61,5,8,1,0,1,0,0,1,0,1,13,14,5,5,8,9,7,7,61,39
Wolverhampton Wanderers,Tottenham Hotspur,Mike Dean,1.6,2.5,1.79,1.74,2,3,5,2,0,2,"68,79","27,30,61",5,1,1,0,2,0,1,0,0,2,17,11,8,9,9,2,9,6,53,47
Manchester City,Southampton,Lee Mason,3,0.8,2.84,0.84,6,1,7,5,4,1,"6,12,18,45'2,67,90'1",29,4,4,1,0,1,0,1,0,1,0,19,14,9,6,10,8,11,9,61,39
Chelsea,Crystal Palace,Michael Oliver,2.2,1.2,2.21,1.53,3,1,4,1,1,0,"32,65,70",53,4,2,0,0,1,0,0,0,0,1,17,8,8,3,9,5,6,13,66,34
Huddersfield Town,Fulham,Anthony Taylor,0.2,0.2,0.47,0.26,1,0,1,1,1,0,29,,5,4,1,0,2,0,0,1,1,1,11,7,3,0,8,7,11,8,47,53
Cardiff City,Brighton & Hove Albion,Martin Atkinson,0.67,0.67,1.05,0.68,2,1,3,2,1,1,"28,90",6,4,1,2,0,1,1,1,1,1,1,21,8,7,4,14,4,7,18,61,39
Huddersfield Town,West Ham United,Chris Kavanagh,0.67,0.8,0.47,1.11,1,1,2,1,1,0,6,74,5,6,1,0,1,0,1,0,1,0,17,14,8,5,9,9,9,8,45,55
Leicester City,Burnley,Mike Dean,1.4,0.67,1.42,0.89,0,0,0,0,0,0,,,12,1,2,0,0,0,0,2,0,0,21,8,6,2,15,6,12,9,57,43
Newcastle United,AFC Bournemouth,Lee Probert,0.5,1.8,1.32,0.84,2,1,3,3,2,1,"7,39",45'6,7,10,2,0,1,0,1,1,0,1,19,15,8,5,11,10,9,11,47,53
Southampton,Watford,Simon Hooper,0.6,1.4,1.21,1.21,1,1,2,1,1,0,20,82,7,6,3,0,2,0,1,2,0,2,14,16,5,9,9,7,14,14,44,56
Crystal Palace,Tottenham Hotspur,Jonathan Moss,0.4,2.57,1.05,1.74,0,1,1,0,0,0,,66,10,6,1,0,1,0,1,0,0,1,12,13,5,4,7,9,13,8,42,58
Liverpool,Fulham,Paul Tierney,2.6,0.17,2.79,0.26,2,0,2,1,1,0,"41,53",,6,3,1,0,1,0,0,1,0,1,21,9,8,4,13,5,11,9,69,31
Chelsea,Everton,Kevin Friend,2.33,1,2.21,1.05,0,0,0,0,0,0,,,5,5,4,0,3,0,3,1,2,1,15,7,5,2,10,5,7,11,65,35
Arsenal,Wolverhampton Wanderers,Stuart Attwell,2.17,1.4,2.37,1.21,1,1,2,1,0,1,86,13,11,2,2,0,2,0,0,2,0,2,14,14,6,7,8,7,9,16,68,32
Manchester City,Manchester United,Anthony Taylor,3,1.67,2.84,1.58,3,1,4,1,1,0,"12,48,86",58,5,1,1,0,1,0,1,0,1,0,11,3,4,2,7,1,11,11,62,38
Brighton & Hove Albion,Leicester City,Chris Kavanagh,2,1.5,1.21,1.32,1,1,2,1,1,0,15,79,6,1,3,0,2,1,0,3,3,0,16,9,4,4,12,5,10,7,54,46
Everton,Cardiff City,Paul Tierney,2.17,0.2,1.79,0.74,1,0,1,0,0,0,59,,7,3,0,0,3,0,0,0,1,2,17,9,8,2,9,7,12,13,65,35
Fulham,Southampton,Michael Oliver,0.8,0.67,1.11,0.84,3,2,5,3,2,1,"33,43,63","18,53",2,5,2,0,3,0,1,1,0,3,11,19,6,8,5,11,10,5,41,59
Manchester United,Crystal Palace,Lee Mason,2,1,1.89,1.53,0,0,0,0,0,0,,,10,3,1,0,2,0,0,1,2,0,14,14,6,3,8,11,13,12,58,42
Watford,Liverpool,Jonathan Moss,2,2.33,1.42,2.32,0,3,3,0,0,0,,"67,76,89",5,5,0,0,1,1,0,0,0,2,6,11,2,8,4,3,12,12,42,58
West Ham United,Manchester City,Andre Marriner,1.17,2.2,1.63,2.32,0,4,4,3,0,3,,"11,19,34,90'3",8,1,0,0,0,0,0,0,0,0,11,10,2,7,9,3,6,4,40,60
Tottenham Hotspur,Chelsea,Martin Atkinson,1.5,2.6,2,1.58,3,1,4,2,2,0,"8,16,54",85,4,4,0,0,3,0,0,0,2,1,19,14,10,3,9,11,19,11,41,59
AFC Bournemouth,Arsenal,Craig Pawson,1.83,2,1.53,1.32,1,2,3,2,1,1,45'1,"30,67",5,8,2,0,1,0,0,2,1,0,12,21,6,5,6,16,6,11,43,57
Wolverhampton Wanderers,Huddersfield Town,Kevin Friend,1.33,0.4,1.79,0.37,0,2,2,1,0,1,,"6,74",3,5,1,0,2,0,0,1,1,1,12,14,3,7,9,7,8,8,45,55
Burnley,Newcastle United,Anthony Taylor,0.8,0.6,1.21,1.05,1,2,3,3,1,2,40,"4,23",5,5,0,0,1,0,0,0,0,1,15,18,5,3,10,15,6,11,54,46
Cardiff City,Wolverhampton Wanderers,Andre Marriner,1,1.33,1.05,1.21,2,1,3,1,0,1,"65,77",18,7,6,1,0,2,0,0,1,0,2,17,15,3,5,14,10,4,12,58,42
Crystal Palace,Burnley,Lee Probert,0.33,0.71,1.05,0.89,2,0,2,1,1,0,"16,77",,10,2,1,0,1,0,0,1,1,0,29,7,10,2,19,5,9,11,59,41
Huddersfield Town,Brighton & Hove Albion,Michael Oliver,0.71,0.57,0.47,0.68,1,2,3,2,1,1,1,"45'4,69",2,6,0,1,2,0,1,0,1,1,8,16,3,7,5,9,9,12,38,62
Leicester City,Watford,Graham Scott,1.33,1.33,1.42,1.21,2,0,2,2,2,0,"12,23",,4,8,2,0,1,1,0,2,0,2,8,11,4,0,4,11,7,5,36,64
Manchester City,AFC Bournemouth,Stuart Attwell,3,1.5,2.84,0.84,3,1,4,2,1,1,"16,57,79",44,8,4,0,0,0,0,0,0,0,0,17,5,7,2,10,3,9,2,69,31
Newcastle United,West Ham United,Paul Tierney,0.86,0.83,1.32,1.11,0,3,3,1,0,1,,"11,63,90'3",7,3,3,0,3,0,1,2,3,0,18,8,6,5,12,3,10,10,62,38
Southampton,Manchester United,Kevin Friend,0.67,1.43,1.21,1.58,2,2,4,4,2,2,"13,20","33,39",3,5,4,0,4,0,1,3,2,2,17,12,7,6,10,6,14,13,44,56
Chelsea,Fulham,Craig Pawson,2.14,0.14,2.21,0.26,2,0,2,1,1,0,"4,82",,4,6,2,0,1,0,0,2,0,1,17,11,10,5,7,6,8,16,63,37
Arsenal,Tottenham Hotspur,Mike Dean,2,2.63,2.37,1.74,4,2,6,3,1,2,"10,56,74,77","30,34",8,5,3,0,4,1,1,2,2,3,23,12,8,7,15,5,12,16,55,45
Liverpool,Everton,Chris Kavanagh,2.67,1,2.79,1.05,1,0,1,0,0,0,90'6,,8,1,3,0,2,0,1,2,0,2,17,10,5,4,12,6,12,7,58,42
AFC Bournemouth,Huddersfield Town,Roger East,1.57,0.83,1.53,0.37,2,1,3,3,2,1,"5,22",38,4,8,4,0,2,0,0,4,0,2,7,26,3,7,4,19,13,10,35,65
Brighton & Hove Albion,Crystal Palace,Kevin Friend,1.83,1,1.21,1.53,3,1,4,3,3,0,"24,31,45'4",81,4,5,2,1,3,0,1,2,1,2,10,20,4,6,6,14,12,9,42,58
West Ham United,Cardiff City,Graham Scott,1,0.17,1.63,0.74,3,1,4,0,0,0,"49,54,61",90'5,10,4,1,0,2,0,1,0,1,1,18,8,13,4,5,4,9,10,57,43
Watford,Manchester City,Paul Tierney,1.71,2.33,1.42,2.32,1,2,3,1,0,1,85,"40,51",3,11,0,0,1,0,0,0,0,1,12,16,8,8,4,8,4,8,34,66
Burnley,Liverpool,Stuart Attwell,0.67,2.43,1.21,2.32,1,3,4,0,0,0,54,"62,69,90'1",5,9,1,0,0,0,0,1,0,0,12,21,7,13,5,8,10,3,38,62
Fulham,Leicester City,David Coote,1.17,1.43,1.11,1.32,1,1,2,1,1,0,42,74,10,8,0,0,0,0,0,0,0,0,23,12,7,6,16,6,12,7,44,56
Wolverhampton Wanderers,Chelsea,Jonathan Moss,1.14,2.17,1.79,1.58,2,1,3,1,0,1,"59,63",18,1,5,4,0,4,0,1,3,0,4,7,19,3,4,4,15,18,10,37,63
Everton,Newcastle United,Lee Mason,2.29,1,1.79,1.05,1,1,2,2,1,1,38,19,14,2,0,0,5,0,0,0,0,5,19,9,5,6,14,3,7,18,72,28
Manchester United,Arsenal,Andre Marriner,1.83,2.17,1.89,1.32,2,2,4,2,1,1,"30,69","26,68",4,4,3,0,3,0,3,0,2,1,11,10,8,5,3,5,14,10,48,52
Tottenham Hotspur,Southampton,Anthony Taylor,1.8,0.57,2,0.84,3,1,4,1,1,0,"9,51,55",90'3,8,6,0,0,0,0,0,0,0,0,13,20,9,6,4,14,7,5,49,51
AFC Bournemouth,Liverpool,Lee Mason,1.75,2.5,1.53,2.32,0,4,4,1,0,1,,"25,48,68,77",6,6,2,0,1,0,2,0,0,1,9,11,3,5,6,6,8,12,40,60
Arsenal,Huddersfield Town,Paul Tierney,2.13,0.71,2.37,0.37,1,0,1,0,0,0,83,,7,1,5,0,4,0,4,1,3,1,14,7,3,2,11,5,12,18,57,43
Burnley,Brighton & Hove Albion,Martin Atkinson,0.57,0.88,1.21,0.68,1,0,1,1,1,0,40,,2,7,2,0,0,0,0,2,0,0,13,15,5,2,8,13,10,12,47,53
Cardiff City,Southampton,Jonathan Moss,1.25,0.5,1.05,0.84,1,0,1,0,0,0,74,,7,7,2,0,2,0,1,1,1,1,14,14,5,3,9,11,7,10,41,59
Manchester United,Fulham,Lee Probert,1.71,0.13,1.89,0.26,4,1,5,3,3,0,"13,28,42,82",67,10,3,1,0,2,1,1,0,1,2,21,10,12,5,9,5,10,15,59,41
West Ham United,Crystal Palace,Anthony Taylor,1.25,0.88,1.63,1.53,3,2,5,1,0,1,"48,62,65","6,76",5,3,1,0,2,0,1,0,0,2,15,10,7,6,8,4,10,9,50,50
Chelsea,Manchester City,Michael Oliver,2.25,2.43,2.21,2.32,2,0,2,1,1,0,"45,78",,1,13,2,0,0,0,0,2,0,0,9,15,6,5,3,10,12,11,34,66
Leicester City,Tottenham Hotspur,Craig Pawson,1.57,2.33,1.42,1.74,0,2,2,1,0,1,,"45'1,58",6,5,3,0,1,0,1,2,1,0,11,8,4,3,7,5,11,7,40,60
Newcastle United,Wolverhampton Wanderers,Mike Dean,0.75,1.14,1.32,1.21,1,2,3,2,1,1,23,"17,90'4",4,6,2,1,5,0,1,2,1,4,13,15,5,8,8,7,10,16,53,47
Everton,Watford,Kevin Friend,2.13,1.14,1.79,1.21,2,2,4,1,1,0,"15,90'6","63,65",6,6,1,0,1,0,1,0,0,1,12,17,5,5,7,12,13,13,56,44
Manchester City,Everton,Craig Pawson,3,0.86,2.84,1.05,3,1,4,1,1,0,"22,50,69",65,6,2,1,0,2,0,0,1,1,1,14,10,6,3,8,7,7,9,62,38
Crystal Palace,Leicester City,Michael Oliver,0.71,1.38,1.05,1.32,1,0,1,1,1,0,39,,4,4,2,0,1,0,1,1,0,1,8,12,2,3,6,9,10,8,45,55
Huddersfield Town,Newcastle United,Anthony Taylor,0.63,1,0.47,1.05,0,1,1,0,0,0,,55,10,1,1,0,1,0,0,1,1,0,15,8,6,6,9,2,5,13,68,32
Tottenham Hotspur,Burnley,Graham Scott,2,0.63,2,0.89,1,0,1,0,0,0,90'1,,8,3,0,0,2,0,0,0,0,2,18,6,5,0,13,6,7,8,70,30
Watford,Cardiff City,Andy Madley,1.5,0.14,1.42,0.74,3,2,5,1,1,0,"16,52,68","80,82",5,0,0,0,0,0,0,0,0,0,17,10,9,4,8,6,7,5,68,32
Wolverhampton Wanderers,AFC Bournemouth,Simon Hooper,1.38,1.29,1.79,0.84,2,0,2,1,1,0,"12,90'4",,5,3,1,0,2,0,0,1,2,0,10,13,5,4,5,9,15,6,38,62
Fulham,West Ham United,Mike Dean,1.14,1.14,1.11,1.11,0,2,2,2,0,2,,"17,29",6,4,2,0,1,0,1,1,1,0,17,7,5,4,12,3,14,9,52,48
Brighton & Hove Albion,Chelsea,Stuart Attwell,2,1.86,1.21,1.58,1,2,3,2,0,2,66,"17,33",4,1,2,0,2,0,0,2,0,2,7,10,3,4,4,6,15,6,40,60
Southampton,Arsenal,Chris Kavanagh,0.71,2,1.21,1.32,3,2,5,3,2,1,"20,44,85","28,53",4,5,3,0,1,0,0,3,0,1,13,14,8,5,5,9,12,10,34,66
Liverpool,Manchester United,Martin Atkinson,2.71,1.38,2.79,1.58,3,1,4,2,1,1,"24,73,80",33,13,2,0,0,2,0,0,0,2,0,37,8,12,4,25,4,6,14,64,36
Wolverhampton Wanderers,Liverpool,Craig Pawson,1.56,2.56,1.79,2.32,0,2,2,1,0,1,,"18,68",1,10,0,0,0,0,0,0,0,0,12,17,6,8,6,9,7,3,40,60
Arsenal,Burnley,Kevin Friend,2.22,0.56,2.37,0.89,3,1,4,1,1,0,"14,48,90'1",63,1,3,2,0,5,0,1,1,1,4,11,8,7,3,4,5,10,14,60,40
AFC Bournemouth,Brighton & Hove Albion,Mike Dean,1.56,0.78,1.53,0.68,2,0,2,1,1,0,"21,77",,6,5,2,0,1,1,2,0,0,2,15,10,4,5,11,5,7,17,52,48
Chelsea,Leicester City,Lee Probert,2.33,1.22,2.21,1.32,0,1,1,0,0,0,,51,9,5,0,0,2,0,0,0,1,1,19,9,6,4,13,5,9,9,64,36
Huddersfield Town,Southampton,Stuart Attwell,0.56,0.44,0.47,0.84,1,3,4,2,0,2,58,"15,42,71",8,2,2,0,3,0,1,1,0,3,19,14,6,7,13,7,11,9,54,46
Manchester City,Crystal Palace,Andre Marriner,3,0.78,2.84,1.53,2,3,5,3,1,2,"27,85","33,35,51",13,0,0,0,4,0,0,0,1,3,22,6,7,4,15,2,6,6,73,27
Newcastle United,Fulham,Martin Atkinson,0.67,0.11,1.32,0.26,0,0,0,0,0,0,,,6,0,1,0,2,0,0,1,0,2,11,6,2,4,9,2,9,11,58,42
West Ham United,Watford,Lee Mason,1.44,1.13,1.63,1.21,0,2,2,1,0,1,,"30,87",10,4,3,0,2,0,1,2,0,2,19,12,8,6,11,6,8,11,49,51
Cardiff City,Manchester United,Michael Oliver,1.44,1.22,1.05,1.58,1,5,6,4,1,3,38,"3,29,41,57,90",4,7,2,0,1,0,0,2,1,0,8,9,3,4,5,5,13,12,35,65
Everton,Tottenham Hotspur,Paul Tierney,2,2.4,1.79,1.74,2,6,8,4,1,3,"21,51","27,35,42,48,61,74",2,1,0,0,2,0,0,0,1,1,11,19,4,10,7,9,12,9,47,53
Fulham,Wolverhampton Wanderers,Andre Marriner,1,1.38,1.11,1.21,1,1,2,0,0,0,74,85,2,0,2,0,1,0,2,0,1,0,13,15,6,7,7,8,9,6,35,65
Burnley,Everton,Michael Oliver,0.88,0.75,1.21,1.05,1,5,6,4,1,3,36,"2,13,22,71,90'3",5,7,2,0,4,0,2,0,2,2,13,13,5,7,8,6,9,18,56,44
Crystal Palace,Cardiff City,Lee Probert,1,0.13,1.05,0.74,0,0,0,0,0,0,,,12,1,0,0,3,0,0,0,2,1,30,10,7,5,23,5,9,11,66,34
Leicester City,Manchester City,Mike Dean,1.38,2.13,1.42,2.32,2,1,3,2,1,1,"19,81",14,3,7,2,0,2,1,0,2,0,3,12,12,6,5,6,7,5,8,35,65
Liverpool,Newcastle United,Graham Scott,2.75,1.25,2.79,1.05,4,0,4,1,1,0,"11,47,79,85",,10,2,0,0,0,0,0,0,0,0,21,7,9,3,12,4,6,10,69,31
Manchester United,Huddersfield Town,Jonathan Moss,1.88,0.63,1.89,0.37,3,1,4,1,1,0,"28,64,78",88,5,3,1,0,1,0,1,0,1,0,16,11,11,3,5,8,8,12,63,37
Tottenham Hotspur,AFC Bournemouth,Chris Kavanagh,2.14,1.13,2,0.84,5,0,5,3,3,0,"16,23,35,61,70",,3,4,2,0,1,0,0,2,1,0,11,15,8,5,3,10,4,9,56,44
Brighton & Hove Albion,Arsenal,Anthony Taylor,1.75,1.75,1.21,1.32,1,1,2,2,1,1,35,7,4,9,2,0,1,0,1,1,0,1,14,8,6,5,8,3,10,3,33,67
Watford,Chelsea,Martin Atkinson,1.67,2,1.42,1.58,1,2,3,2,1,1,45'3,"45'1,58",3,4,1,0,0,0,0,1,0,0,8,11,3,5,5,6,13,5,39,61
Southampton,West Ham United,Craig Pawson,1,1.38,1.21,1.11,1,2,3,0,0,0,50,"53,59",4,6,2,0,0,0,0,2,0,0,12,17,6,6,6,11,10,3,42,58
Brighton & Hove Albion,Everton,Andy Madley,1.67,1,1.21,1.05,1,0,1,0,0,0,59,,6,6,0,0,2,0,0,0,0,2,14,14,4,4,10,10,10,9,48,52
Fulham,Huddersfield Town,Kevin Friend,1,0.56,1.11,0.37,1,0,1,0,0,0,90'1,,4,3,3,0,1,0,2,1,0,1,14,10,5,6,9,4,12,9,43,57
Leicester City,Cardiff City,Simon Hooper,1.56,0.22,1.42,0.74,0,1,1,0,0,0,,90'2,10,4,0,0,2,0,0,0,0,2,19,15,7,5,12,10,14,15,56,44
Tottenham Hotspur,Wolverhampton Wanderers,Stuart Attwell,2.25,1.33,2,1.21,1,3,4,1,1,0,22,"72,83,87",6,7,3,0,2,0,2,1,0,2,11,13,4,6,7,7,6,7,59,41
Watford,Newcastle United,Roger East,1.5,1.11,1.42,1.05,1,1,2,1,0,1,82,29,3,6,1,0,2,0,1,0,0,2,13,8,6,3,7,5,17,15,58,42
Liverpool,Arsenal,Michael Oliver,2.78,1.67,2.79,1.32,5,1,6,5,4,1,"14,16,32,45'2,65",11,5,3,1,0,2,0,1,0,1,1,16,10,11,4,5,6,9,11,47,53
Crystal Palace,Chelsea,Craig Pawson,1,2.11,1.05,1.58,0,1,1,0,0,0,,51,3,4,0,0,1,0,0,0,1,0,5,13,0,5,5,8,11,8,38,62
Burnley,West Ham United,David Coote,0.78,1.56,1.21,1.11,2,0,2,2,2,0,"15,34",,5,5,1,0,4,0,1,0,2,2,20,12,7,5,13,7,15,11,46,54
Southampton,Manchester City,Paul Tierney,0.89,1.89,1.21,2.32,1,3,4,4,1,3,37,"10,45,45'3",3,8,2,1,3,0,0,3,1,2,6,15,5,7,1,8,11,10,26,74
Manchester United,AFC Bournemouth,Lee Mason,2,1,1.89,0.84,4,1,5,4,3,1,"5,33,45,72",45'2,4,5,2,1,0,0,1,2,0,0,11,8,9,4,2,4,11,7,59,41
Everton,Leicester City,Martin Atkinson,1.8,1.4,1.79,1.32,0,1,1,0,0,0,,58,6,5,3,0,1,0,0,3,0,1,20,10,4,6,16,4,5,6,60,40
Arsenal,Fulham,Graham Scott,2.3,0.2,2.37,0.26,4,1,5,1,1,0,"25,55,79,83",69,8,3,0,0,1,0,0,0,0,1,18,10,10,5,8,5,7,12,58,42
Cardiff City,Tottenham Hotspur,Kevin Friend,1.3,2.45,1.05,1.74,0,3,3,3,0,3,,"3,12,26",5,3,1,0,0,0,0,1,0,0,7,14,4,5,3,9,6,6,30,70
Chelsea,Southampton,Jonathan Moss,2.1,0.7,2.21,0.84,0,0,0,0,0,0,,,7,2,1,0,2,0,0,1,1,1,18,7,7,3,11,4,8,11,66,34
Huddersfield Town,Burnley,Mike Dean,0.5,0.5,0.47,0.89,1,2,3,2,1,1,33,"40,74",5,2,1,1,4,1,2,0,2,3,10,18,3,9,7,9,11,7,48,52
West Ham United,Brighton & Hove Albion,Chris Kavanagh,1.3,0.7,1.63,0.68,2,2,4,0,0,0,"66,68","56,58",1,5,0,0,1,0,0,0,0,1,15,13,7,6,8,7,8,11,55,45
Wolverhampton Wanderers,Crystal Palace,Roger East,1.4,1,1.79,1.53,0,2,2,0,0,0,,"83,90'5",3,10,4,0,1,0,2,2,0,1,11,16,2,5,9,11,8,7,47,53
AFC Bournemouth,Watford,David Coote,1.7,1.33,1.53,1.21,3,3,6,6,3,3,"34,37,40","14,27,38",4,2,1,0,4,0,0,1,2,2,26,11,13,4,13,7,9,16,53,47
Newcastle United,Manchester United,Andre Marriner,0.7,1.4,1.32,1.58,0,2,2,0,0,0,,"64,80",1,2,1,0,2,0,1,0,0,2,15,13,7,6,8,7,10,9,42,58
Manchester City,Liverpool,Anthony Taylor,2.7,2.6,2.84,2.32,2,1,3,1,1,0,"40,72",64,2,1,4,0,2,0,2,2,2,0,9,8,5,6,4,2,12,6,53,47
West Ham United,Arsenal,Jonathan Moss,1.27,1.5,1.63,1.32,1,0,1,0,0,0,48,,7,3,0,0,2,0,0,0,0,2,13,12,5,3,8,9,7,10,43,57
Brighton & Hove Albion,Liverpool,Kevin Friend,1.8,2.36,1.21,2.32,0,1,1,0,0,0,,50,2,7,0,0,0,0,0,0,0,0,8,11,0,4,8,7,12,4,34,66
Burnley,Fulham,Martin Atkinson,1,0.18,1.21,0.26,2,1,3,3,2,1,"20,23",2,2,6,1,0,2,0,0,1,1,1,12,12,2,5,10,7,5,9,47,53
Cardiff City,Huddersfield Town,Lee Mason,1.18,0.5,1.05,0.37,0,0,0,0,0,0,,,3,10,3,0,1,0,1,2,1,0,7,17,4,4,3,13,12,13,41,59
Crystal Palace,Watford,Paul Tierney,0.9,1.3,1.05,1.21,1,2,3,1,1,0,38,"67,74",7,7,1,0,4,0,0,1,0,4,18,16,7,3,11,13,11,11,56,44
Leicester City,Southampton,Michael Oliver,1.4,0.73,1.42,0.84,1,2,3,2,0,2,58,"11,45'2",10,3,2,0,2,1,2,0,2,1,27,9,7,4,20,5,6,10,70,30
Chelsea,Newcastle United,Chris Kavanagh,2,1.1,2.21,1.05,2,1,3,2,1,1,"9,57",40,8,5,1,0,1,0,0,1,1,0,11,9,7,3,4,6,5,13,57,43
Everton,AFC Bournemouth,Anthony Taylor,1.64,0.9,1.79,0.84,2,0,2,0,0,0,"61,90'5",,5,9,5,0,0,0,1,4,0,0,16,17,4,8,12,9,17,8,51,49
Tottenham Hotspur,Manchester United,Mike Dean,2,1.55,2,1.58,0,1,1,1,0,1,,44,7,4,1,0,2,0,0,1,0,2,21,11,13,8,8,3,8,8,59,41
Manchester City,Wolverhampton Wanderers,Craig Pawson,2.73,1.5,2.84,1.21,3,0,3,2,2,0,"10,39,78",,12,1,1,0,0,1,1,0,1,0,25,3,10,0,15,3,6,2,73,27
Wolverhampton Wanderers,Leicester City,Chris Kavanagh,1.27,1.55,1.79,1.32,4,3,7,2,2,0,"4,12,64,90'3","47,51,87",5,9,3,0,3,0,2,1,2,1,14,17,9,7,5,10,11,10,41,59
AFC Bournemouth,West Ham United,Simon Hooper,1.64,1.4,1.53,1.11,2,0,2,0,0,0,"53,90'1",,2,3,0,0,1,0,0,0,1,0,10,9,4,2,6,7,6,10,43,57
Liverpool,Crystal Palace,Jonathan Moss,2.8,1.18,2.79,1.53,4,3,7,1,0,1,"46,53,75,90'3","34,65,90'5",8,3,1,1,1,0,0,2,1,0,20,11,10,4,10,7,5,7,67,33
Manchester United,Brighton & Hove Albion,Paul Tierney,2.1,0.73,1.89,0.68,2,1,3,2,2,0,"27,42",72,6,5,1,0,0,0,0,1,0,0,13,8,4,5,9,3,11,10,53,47
Newcastle United,Cardiff City,Stuart Attwell,0.64,0.5,1.32,0.74,3,0,3,1,1,0,"24,63,90'3",,7,10,0,0,1,0,0,0,0,1,17,11,8,2,9,9,11,5,53,47
Southampton,Everton,Graham Scott,0.8,0.9,1.21,1.05,2,1,3,0,0,0,"50,64",90'1,7,6,2,0,1,0,0,2,0,1,11,7,5,3,6,4,13,12,40,60
Watford,Burnley,Michael Oliver,1.45,0.73,1.42,0.89,0,0,0,0,0,0,,,1,7,1,0,2,0,0,1,0,2,11,12,5,4,6,8,14,8,55,45
Arsenal,Chelsea,Anthony Taylor,2.36,2.2,2.37,1.58,2,0,2,2,2,0,"14,39",,5,6,0,0,2,0,0,0,1,1,14,14,6,2,8,12,13,15,40,60
Huddersfield Town,Manchester City,Andre Marriner,0.45,2,0.47,2.32,0,3,3,1,0,1,,"18,54,56",1,4,2,0,2,0,2,0,1,1,6,13,3,5,3,8,10,8,39,61
Fulham,Tottenham Hotspur,Craig Pawson,1.2,2.5,1.11,1.74,1,2,3,1,1,0,17,"51,90'3",7,10,2,0,3,0,0,2,0,3,13,15,5,6,8,9,10,8,31,69
Arsenal,Cardiff City,Mike Dean,2.42,0.45,2.37,0.74,2,1,3,0,0,0,"66,83",90'3,4,7,3,0,3,0,2,1,1,2,17,18,5,2,12,16,13,12,64,36
Fulham,Brighton & Hove Albion,Lee Probert,1.09,0.67,1.11,0.68,4,2,6,2,0,2,"47,58,74,79","3,17",10,1,2,0,3,0,1,1,2,1,24,17,9,8,15,9,11,5,58,42
Huddersfield Town,Everton,Stuart Attwell,0.42,0.82,0.47,1.05,0,1,1,1,0,1,,3,3,4,1,0,4,1,0,1,2,3,11,11,3,6,8,5,13,10,59,41
Wolverhampton Wanderers,West Ham United,David Coote,1.42,1.27,1.79,1.11,3,0,3,0,0,0,"66,80,86",,5,1,4,0,1,0,1,3,1,0,22,5,10,0,12,5,8,10,52,48
Manchester United,Burnley,Jonathan Moss,2.18,0.75,1.89,0.89,2,2,4,0,0,0,"87,90'2","51,81",11,3,1,0,3,0,0,1,0,3,28,7,10,5,18,2,10,8,65,35
Newcastle United,Manchester City,Paul Tierney,0.83,2.09,1.32,2.32,2,1,3,1,0,1,"66,80",1,1,8,2,0,3,0,0,2,2,1,7,13,3,5,4,8,9,5,30,70
AFC Bournemouth,Chelsea,Roger East,1.75,2,1.53,1.58,4,0,4,0,0,0,"47,63,74,90'5",,3,7,1,0,0,0,0,1,0,0,13,12,8,8,5,4,8,6,34,66
Southampton,Crystal Palace,Andre Marriner,1,1.08,1.21,1.53,1,1,2,1,0,1,77,41,3,8,2,0,3,1,1,1,1,3,14,16,5,4,9,12,12,7,58,42
Liverpool,Leicester City,Martin Atkinson,2.82,1.42,2.79,1.32,1,1,2,2,1,1,3,45'2,7,1,1,0,3,0,1,0,1,2,11,6,4,3,7,3,13,6,68,32
Tottenham Hotspur,Watford,Graham Scott,1.8,1.45,2,1.21,2,1,3,1,0,1,"80,87",38,9,5,0,0,4,0,0,0,0,4,18,9,6,2,12,7,6,9,65,35
Tottenham Hotspur,Newcastle United,Andre Marriner,1.91,1,2,1.05,1,0,1,0,0,0,83,,6,3,0,0,1,0,0,0,0,1,22,9,5,3,17,6,6,6,69,31
Brighton & Hove Albion,Watford,Simon Hooper,1.64,1.33,1.21,1.21,0,0,0,0,0,0,,,7,0,1,0,0,0,1,0,0,0,21,6,5,2,16,4,15,9,55,45
Burnley,Southampton,Anthony Taylor,1.18,0.92,1.21,0.84,1,1,2,0,0,0,90'4,55,4,2,3,0,1,0,2,1,0,1,16,11,7,5,9,6,10,8,52,48
Chelsea,Huddersfield Town,Paul Tierney,2.08,0.55,2.21,0.37,5,0,5,2,2,0,"16,45'1,66,69,86",,11,2,0,0,0,0,0,0,0,0,24,6,8,3,16,3,8,4,59,41
Crystal Palace,Fulham,Michael Oliver,0.82,0.17,1.05,0.26,2,0,2,1,1,0,"25,87",,11,1,2,0,3,0,1,1,2,1,20,9,8,0,12,9,9,11,47,53
Everton,Wolverhampton Wanderers,Lee Mason,1.75,1.36,1.79,1.21,1,3,4,3,1,2,27,"7,45,66",3,1,3,0,1,0,2,1,0,1,14,8,5,5,9,3,11,14,64,36
Cardiff City,AFC Bournemouth,Jonathan Moss,1.17,0.82,1.05,0.84,2,0,2,1,1,0,"5,46",,6,7,1,0,2,0,0,1,0,2,13,10,6,3,7,7,18,12,32,68
Leicester City,Manchester United,Mike Dean,1.27,1.67,1.42,1.58,0,1,1,1,0,1,,9,7,2,4,0,4,0,2,2,2,2,18,11,7,7,11,4,12,8,48,52
Manchester City,Arsenal,Martin Atkinson,2.75,1.36,2.84,1.32,3,1,4,3,2,1,"1,44,61",11,4,2,1,0,1,0,0,1,1,0,20,5,13,3,7,2,11,7,58,42
West Ham United,Liverpool,Kevin Friend,1.42,2.42,1.63,2.32,1,1,2,2,1,1,28,22,2,5,1,0,1,0,0,1,0,1,14,14,3,9,11,5,8,10,34,66
Everton,Manchester City,Craig Pawson,1.62,1.92,1.79,2.32,0,2,2,1,0,1,,"45'2,90'7",5,6,1,0,1,0,0,1,0,1,6,16,2,5,4,11,12,5,39,61
Fulham,Manchester United,Paul Tierney,1.25,1.77,1.11,1.58,0,3,3,2,0,2,,"14,23,65",5,4,3,0,2,0,2,1,1,1,17,16,5,8,12,8,13,9,47,53
Crystal Palace,West Ham United,Craig Pawson,1,1.17,1.05,1.11,1,1,2,1,0,1,76,27,10,4,3,0,0,0,3,0,0,0,27,11,6,5,21,6,11,9,57,43
Huddersfield Town,Arsenal,Jonathan Moss,0.38,1.25,0.47,1.32,1,2,3,2,0,2,90'3,"16,44",5,0,3,0,2,0,1,2,0,2,18,11,7,5,11,6,15,12,54,46
Liverpool,AFC Bournemouth,Anthony Taylor,2.67,0.75,2.79,0.84,3,0,3,2,2,0,"24,34,48",,8,5,2,0,2,0,0,2,2,0,22,13,10,3,12,10,14,7,63,37
Southampton,Cardiff City,Martin Atkinson,1,0.42,1.21,0.74,1,2,3,0,0,0,90'1,"69,90'3",8,2,3,0,3,0,1,2,0,3,13,6,6,4,7,2,15,11,63,37
Watford,Everton,Lee Probert,1.42,1,1.42,1.05,1,0,1,0,0,0,65,,8,2,2,0,1,1,0,2,0,2,10,11,4,5,6,6,22,10,53,47
Brighton & Hove Albion,Burnley,Stuart Attwell,1.58,0.77,1.21,0.89,1,3,4,1,0,1,76,"26,61,74",9,3,1,0,1,0,0,1,0,1,16,10,6,6,10,4,7,7,67,33
Tottenham Hotspur,Leicester City,Michael Oliver,2,1.38,2,1.32,3,1,4,1,1,0,"33,63,90'1",76,2,9,3,0,1,0,3,0,0,1,13,20,6,10,7,10,8,4,52,48
Manchester City,Chelsea,Mike Dean,2.77,1.83,2.84,1.58,6,0,6,4,4,0,"4,13,19,25,56,80",,2,2,1,0,2,0,0,1,0,2,16,13,10,5,6,8,10,11,57,43
Wolverhampton Wanderers,Newcastle United,Graham Scott,1.54,0.92,1.79,1.05,1,1,2,0,0,0,90'5,56,13,1,1,0,3,0,0,1,1,2,24,10,8,4,16,6,7,9,58,42
Cardiff City,Watford,Simon Hooper,1.31,1.31,1.05,1.21,1,5,6,1,0,1,82,"18,61,63,73,90'1",3,3,1,0,2,0,0,1,1,1,16,13,6,8,10,5,10,11,40,60
West Ham United,Fulham,Lee Mason,1.38,0.15,1.63,0.26,3,1,4,3,2,1,"29,40,90'1",3,12,0,1,0,1,0,0,1,1,0,21,9,7,6,14,3,11,10,60,40
Burnley,Tottenham Hotspur,Mike Dean,1.17,2.54,1.21,1.74,2,1,3,0,0,0,"57,83",65,7,6,1,0,3,0,0,1,0,3,11,18,5,7,6,11,9,12,39,61
AFC Bournemouth,Wolverhampton Wanderers,Roger East,1.85,1.5,1.53,1.21,1,1,2,1,1,0,14,83,9,8,4,0,5,0,1,3,2,3,10,11,4,3,6,8,9,13,48,52
Newcastle United,Huddersfield Town,Kevin Friend,1,0.5,1.32,0.37,2,0,2,0,0,0,"46,52",,12,0,2,0,0,1,1,1,1,0,31,4,13,2,18,2,11,7,54,46
Leicester City,Crystal Palace,Anthony Taylor,1.17,1.08,1.42,1.53,1,4,5,1,0,1,64,"40,70,81,90'3",8,3,2,0,1,0,1,1,0,1,29,8,7,6,22,2,6,13,59,41
Arsenal,Southampton,Graham Scott,2.46,0.92,2.37,0.84,2,0,2,2,2,0,"6,17",,6,4,0,0,0,0,0,0,0,0,12,11,5,6,7,5,7,14,59,41
Manchester United,Liverpool,Michael Oliver,2.08,2.31,1.89,2.32,0,0,0,0,0,0,,,3,7,1,0,3,0,0,1,1,2,7,8,4,2,3,6,15,17,35,65
Cardiff City,Everton,Kevin Friend,1.21,0.92,1.05,1.05,0,3,3,1,0,1,,"41,66,90'3",3,4,3,0,1,0,2,1,0,1,7,13,0,5,7,8,11,11,39,61
Huddersfield Town,Wolverhampton Wanderers,David Coote,0.36,1.46,0.47,1.21,1,0,1,0,0,0,90'1,,3,5,2,0,2,0,1,1,1,1,14,10,3,2,11,8,9,10,52,48
Leicester City,Brighton & Hove Albion,Lee Probert,1.08,0.62,1.42,0.68,2,1,3,1,1,0,"10,63",66,4,8,1,0,1,0,0,1,1,0,21,18,5,5,16,13,6,4,46,54
Newcastle United,Burnley,Craig Pawson,1.14,0.93,1.32,0.89,2,0,2,2,2,0,"24,38",,4,7,1,0,3,0,1,0,1,2,14,10,5,2,9,8,9,11,56,44
Arsenal,AFC Bournemouth,Chris Kavanagh,2.5,0.69,2.37,0.84,5,1,6,3,2,1,"4,27,47,59,78",30,9,4,2,0,2,0,1,1,1,1,20,15,9,7,11,8,11,8,61,39
Southampton,Fulham,Anthony Taylor,0.92,0.14,1.21,0.26,2,0,2,2,2,0,"23,40",,7,4,0,0,1,0,0,0,0,1,15,15,5,5,10,10,14,13,51,49
Crystal Palace,Manchester United,Martin Atkinson,1,1.86,1.05,1.58,1,3,4,1,0,1,66,"33,52,83",5,6,2,0,3,0,1,1,0,3,18,16,2,5,16,11,8,9,51,49
Chelsea,Tottenham Hotspur,Andre Marriner,2.15,2.36,2.21,1.74,2,0,2,0,0,0,"57,84",,2,2,1,0,1,0,0,1,0,1,12,10,2,0,10,10,7,14,44,56
Liverpool,Watford,Graham Scott,2.69,1.43,2.79,1.21,5,0,5,2,2,0,"9,20,66,79,82",,6,4,0,0,2,0,0,0,0,2,21,5,11,3,10,2,5,7,57,43
Manchester City,West Ham United,Stuart Attwell,2.79,1.15,2.84,1.11,1,0,1,0,0,0,59,,13,2,0,0,2,0,0,0,1,1,21,3,8,2,13,1,2,5,71,29
Tottenham Hotspur,Arsenal,Anthony Taylor,2.08,1.38,2,1.32,1,1,2,1,0,1,74,16,3,4,3,0,2,1,0,3,0,3,11,9,4,4,7,5,14,13,58,42
AFC Bournemouth,Manchester City,Kevin Friend,1.79,2,1.53,2.32,0,1,1,0,0,0,,55,0,14,1,0,2,0,0,1,0,2,0,25,0,8,0,17,6,7,23,77
Brighton & Hove Albion,Huddersfield Town,Mike Dean,1.46,0.46,1.21,0.37,1,0,1,0,0,0,79,,6,3,2,0,2,0,1,1,0,2,16,7,6,5,10,2,10,6,53,47
Burnley,Crystal Palace,Lee Probert,1.31,1.21,1.21,1.53,1,3,4,1,0,1,90,"15,48,76",8,5,1,0,2,0,1,0,0,2,18,11,5,5,13,6,10,8,58,42
Manchester United,Southampton,Stuart Attwell,2,0.86,1.89,0.84,3,2,5,1,0,1,"53,59,88","26,75",9,7,2,0,1,0,0,2,1,0,14,10,7,4,7,6,7,9,60,40
Wolverhampton Wanderers,Cardiff City,Andre Marriner,1.5,0.62,1.79,0.74,2,0,2,2,2,0,"16,18",,7,8,1,0,2,0,1,0,1,1,14,14,7,5,7,9,9,6,47,53
West Ham United,Newcastle United,Chris Kavanagh,1.5,0.92,1.63,1.05,2,0,2,2,2,0,"7,42",,1,6,3,0,4,0,1,2,2,2,11,19,5,3,6,16,8,13,55,45
Watford,Leicester City,Jonathan Moss,1.54,1.29,1.42,1.32,2,1,3,1,1,0,"5,90'2",75,1,5,5,0,1,0,1,4,0,1,7,16,6,3,1,13,15,12,41,59
Fulham,Chelsea,Graham Scott,1.15,1.69,1.11,1.58,1,2,3,3,1,2,27,"20,31",5,4,2,0,1,0,1,1,0,1,13,21,6,8,7,13,11,10,39,61
Everton,Liverpool,Martin Atkinson,1.5,2.21,1.79,2.32,0,0,0,0,0,0,,,3,7,1,0,2,0,1,0,0,2,8,11,4,4,4,7,12,10,47,53
Crystal Palace,Brighton & Hove Albion,Craig Pawson,0.93,0.57,1.05,0.68,1,2,3,1,0,1,50,"19,74",8,0,1,0,5,0,0,1,2,3,16,5,4,4,12,1,8,17,63,37
Cardiff City,West Ham United,Graham Scott,1.13,1.07,1.05,1.11,2,0,2,1,1,0,"4,52",,7,5,2,0,1,0,1,1,1,0,18,9,8,3,10,6,8,12,42,58
Huddersfield Town,AFC Bournemouth,Anthony Taylor,0.53,0.64,0.47,0.84,0,2,2,1,0,1,,"20,66",6,5,3,0,1,0,1,2,0,1,11,11,4,6,7,5,14,9,53,47
Leicester City,Fulham,David Coote,1.21,0.13,1.42,0.26,3,1,4,1,1,0,"21,78,86",51,6,5,0,0,2,0,0,0,0,2,20,8,9,4,11,4,9,13,56,44
Newcastle United,Everton,Lee Mason,1.27,1.07,1.32,1.05,3,2,5,2,0,2,"65,81,84","18,32",8,2,3,0,1,0,1,2,0,1,19,8,8,4,11,4,12,7,52,48
Southampton,Tottenham Hotspur,Kevin Friend,1.07,2.2,1.21,1.74,2,1,3,1,0,1,"76,81",26,1,10,4,0,2,0,2,2,0,2,13,17,5,6,8,11,14,9,38,62
Manchester City,Watford,Paul Tierney,2.8,1.33,2.84,1.21,3,1,4,0,0,0,"46,50,59",66,9,1,1,0,1,0,1,0,1,0,19,3,9,2,10,1,11,6,66,34
Liverpool,Burnley,Andre Marriner,2.71,0.87,2.79,0.89,4,2,6,3,2,1,"19,29,67,90'3","6,90'1",7,3,2,0,0,0,1,1,0,0,24,5,6,3,18,2,4,7,58,42
Chelsea,Wolverhampton Wanderers,Michael Oliver,2.21,1.36,2.21,1.21,1,1,2,0,0,0,90'2,56,13,0,1,0,4,0,0,1,1,3,23,3,7,2,16,1,8,14,76,24
Arsenal,Manchester United,Jonathan Moss,2.53,1.93,2.37,1.58,2,0,2,1,1,0,"12,69",,5,2,2,0,2,0,1,1,0,2,15,15,4,5,11,10,12,17,49,51
AFC Bournemouth,Newcastle United,Mike Dean,1.67,0.86,1.53,1.05,2,2,4,1,0,1,"48,81","45'5,90'4",6,6,3,0,2,0,2,1,1,1,13,13,4,5,9,8,9,11,52,48
Burnley,Leicester City,Michael Oliver,1.21,1.2,1.21,1.32,1,2,3,2,1,1,38,"33,90",9,3,1,0,1,1,1,0,2,0,13,11,3,5,10,6,9,9,58,42
West Ham United,Huddersfield Town,Jonathan Moss,1.6,0.43,1.63,0.37,4,3,7,3,1,2,"15,75,84,90'1","17,30,65",5,8,0,0,2,0,0,0,0,2,16,15,6,6,10,9,7,14,58,42
Fulham,Liverpool,Craig Pawson,1.07,2.13,1.11,2.32,1,2,3,1,0,1,74,"26,81",1,10,2,0,1,0,0,2,1,0,8,17,3,7,5,10,10,7,32,68
Everton,Chelsea,Anthony Taylor,1.47,1.79,1.79,1.58,2,0,2,0,0,0,"49,72",,3,4,1,0,2,0,0,1,1,1,16,17,9,6,7,11,17,8,36,64
Fulham,Manchester City,Kevin Friend,1,2.07,1.11,2.32,0,2,2,2,0,2,,"5,27",0,11,2,0,0,0,0,2,0,0,7,25,2,8,5,17,4,12,36,64
Brighton & Hove Albion,Southampton,Michael Oliver,1.57,0.8,1.21,0.84,0,1,1,0,0,0,,53,6,5,1,0,2,0,1,0,0,2,16,9,2,3,14,6,7,10,56,44
Burnley,Wolverhampton Wanderers,Chris Kavanagh,1.13,1.33,1.21,1.21,2,0,2,1,1,0,"2,77",,1,5,1,0,1,0,0,1,0,1,7,9,2,2,5,7,12,12,39,61
Crystal Palace,Huddersfield Town,Lee Probert,0.87,0.4,1.05,0.37,2,0,2,0,0,0,"76,88",,5,5,0,0,0,0,0,0,0,0,20,16,6,6,14,10,10,6,50,50
Leicester City,AFC Bournemouth,Lee Mason,1.33,0.8,1.42,0.84,2,0,2,1,1,0,"11,82",,6,1,0,0,2,0,0,0,0,2,18,10,5,3,13,7,6,11,60,40
Manchester United,Watford,Stuart Attwell,2.07,1.25,1.89,1.21,2,1,3,1,1,0,"28,72",90,3,5,1,0,2,0,0,1,1,1,9,21,6,9,3,12,14,9,45,55
West Ham United,Everton,Paul Tierney,1.69,1,1.63,1.05,0,2,2,2,0,2,,"5,33",4,9,1,0,1,0,0,1,1,0,4,18,2,10,2,8,6,13,46,54
Cardiff City,Chelsea,Craig Pawson,1.25,1.67,1.05,1.58,1,2,3,0,0,0,46,"84,90'1",2,7,2,0,3,0,0,2,1,2,9,22,4,4,5,18,8,14,38,62
Liverpool,Tottenham Hotspur,Martin Atkinson,2.73,2.06,2.79,1.74,2,1,3,1,1,0,"16,90",70,10,3,0,0,1,0,0,0,0,1,16,12,5,3,11,9,6,8,53,47
Arsenal,Newcastle United,Anthony Taylor,2.56,0.87,2.37,1.05,2,0,2,1,1,0,"30,83",,6,2,2,0,0,0,0,2,0,0,8,5,5,3,3,2,12,10,65,35
Watford,Fulham,Roger East,1.64,0.13,1.42,0.26,4,1,5,2,1,1,"23,63,69,75",33,6,4,3,0,2,0,1,2,0,2,16,15,8,7,8,8,11,5,46,54
Wolverhampton Wanderers,Manchester United,Mike Dean,1.6,1.81,1.79,1.58,2,1,3,2,1,1,"25,77",13,3,5,1,0,3,1,0,1,2,2,6,11,2,7,4,4,5,11,42,58
Chelsea,Brighton & Hove Albion,Graham Scott,2.13,0.73,2.21,0.68,3,0,3,1,1,0,"38,60,63",,7,1,0,0,0,0,0,0,0,0,19,5,6,2,13,3,5,8,65,35
Tottenham Hotspur,Crystal Palace,Andre Marriner,2,1.33,2,1.53,2,0,2,0,0,0,"55,80",,8,2,1,0,0,0,1,0,0,0,26,6,11,2,15,4,8,5,66,34
Manchester City,Cardiff City,Jonathan Moss,2.81,0.57,2.84,0.74,2,0,2,2,2,0,"6,44",,17,4,0,0,3,0,0,0,2,1,28,5,12,2,16,3,2,7,73,27
Southampton,Liverpool,Paul Tierney,1.2,2.19,1.21,2.32,1,3,4,2,1,1,9,"36,80,86",7,5,2,0,4,0,0,2,0,4,12,18,2,6,10,12,7,7,36,64
AFC Bournemouth,Burnley,Martin Atkinson,1.63,0.81,1.53,0.89,1,3,4,3,1,2,4,"18,20,56",3,6,2,0,3,0,1,1,2,1,11,13,3,4,8,9,11,16,55,45
Huddersfield Town,Leicester City,David Coote,0.5,1.31,0.47,1.32,1,4,5,1,0,1,52,"24,48,79,84",8,5,3,0,0,0,2,1,0,0,9,19,5,10,4,9,12,10,45,55
Newcastle United,Crystal Palace,Stuart Attwell,1.38,1.25,1.32,1.53,0,1,1,0,0,0,,81,9,4,1,0,2,0,0,1,1,1,18,4,6,2,12,2,11,12,58,42
Everton,Arsenal,Kevin Friend,1.56,1.36,1.79,1.32,1,0,1,1,1,0,10,,9,6,1,0,4,0,0,1,2,2,24,8,7,3,17,5,8,9,46,54
Chelsea,West Ham United,Chris Kavanagh,2.19,1,2.21,1.11,2,0,2,1,1,0,"24,90",,7,4,2,0,1,0,0,2,1,0,17,10,8,3,9,7,8,7,51,49
Leicester City,Newcastle United,Chris Kavanagh,1.44,0.81,1.42,1.05,0,1,1,1,0,1,,32,2,3,2,0,3,0,1,1,0,3,12,12,5,6,7,6,6,10,66,34
Tottenham Hotspur,Huddersfield Town,Lee Mason,2.07,0.38,2,0.37,4,0,4,2,2,0,"24,27,87,90'3",,4,2,2,0,2,0,0,2,1,1,23,8,6,2,17,6,10,12,58,42
Brighton & Hove Albion,AFC Bournemouth,Kevin Friend,1.47,0.75,1.21,0.84,0,5,5,1,0,1,,"33,55,74,82,90'2",4,1,2,1,4,0,0,3,1,3,8,15,2,8,6,7,10,6,54,46
Burnley,Cardiff City,Mike Dean,1.25,0.53,1.21,0.74,2,0,2,1,1,0,"31,90'2",,8,4,2,0,4,0,2,0,1,3,18,16,10,3,8,13,7,10,46,54
Fulham,Everton,Lee Probert,0.94,1.13,1.11,1.05,2,0,2,0,0,0,"46,69",,7,3,2,0,1,0,0,2,1,0,13,9,6,2,7,7,8,10,41,59
Southampton,Wolverhampton Wanderers,Jonathan Moss,1.13,1.25,1.21,1.21,3,1,4,3,2,1,"2,30,71",28,4,9,1,0,3,0,0,1,2,1,12,17,7,3,5,14,13,8,37,63
Manchester United,West Ham United,Graham Scott,2.13,0.94,1.89,1.11,2,1,3,1,1,0,"19,80",49,3,11,1,0,1,0,1,0,0,1,8,6,3,4,5,2,14,3,45,55
Crystal Palace,Manchester City,Martin Atkinson,1,2.13,1.05,2.32,1,3,4,1,0,1,81,"15,63,90",2,9,0,0,0,0,0,0,0,0,8,21,4,7,4,14,5,11,31,69
Liverpool,Chelsea,Michael Oliver,2.75,1.75,2.79,1.58,2,0,2,0,0,0,"51,53",,9,2,0,0,1,0,0,0,1,0,16,7,8,4,8,3,5,9,63,37
Watford,Arsenal,Craig Pawson,1.73,1.27,1.42,1.32,0,1,1,1,0,1,,10,6,4,2,1,0,0,1,2,0,0,12,19,4,6,8,13,12,9,42,58
Brighton & Hove Albion,Cardiff City,Andre Marriner,1.38,0.5,1.21,0.74,0,2,2,1,0,1,,"22,50",5,4,0,0,1,0,0,0,0,1,13,11,3,4,10,7,11,13,60,40
Manchester City,Tottenham Hotspur,Michael Oliver,2.82,1.94,2.84,1.74,1,0,1,1,1,0,5,,4,4,1,0,2,0,0,1,0,2,16,11,5,5,11,6,11,12,63,37
AFC Bournemouth,Fulham,David Coote,1.53,0.12,1.53,0.26,0,1,1,0,0,0,,53,3,7,1,0,3,0,0,1,0,3,16,18,6,7,10,11,9,18,47,53
Huddersfield Town,Watford,Roger East,0.47,1.18,0.47,1.21,1,2,3,1,0,1,90'3,"5,80",2,2,2,0,2,0,2,0,1,1,14,12,4,7,10,5,14,9,46,54
West Ham United,Leicester City,Lee Probert,1.59,1.41,1.63,1.32,2,2,4,1,1,0,"37,82","67,90'2",6,8,2,0,0,0,0,2,0,0,13,12,4,6,9,6,7,9,51,49
Wolverhampton Wanderers,Brighton & Hove Albion,Craig Pawson,1.69,0.69,1.79,0.68,0,0,0,0,0,0,,,14,1,0,0,1,0,0,0,1,0,24,6,6,2,18,4,0,8,67,33
Newcastle United,Southampton,Anthony Taylor,1.29,0.94,1.32,0.84,3,1,4,2,2,0,"27,31,86",59,4,11,0,0,2,0,0,0,1,1,15,15,7,4,8,11,5,10,45,55
Everton,Manchester United,Paul Tierney,1.65,1.71,1.79,1.58,4,0,4,2,2,0,"13,28,56,64",,10,2,1,0,1,0,1,0,0,1,16,8,9,2,7,6,11,7,46,54
Arsenal,Crystal Palace,Jonathan Moss,2.59,1.35,2.37,1.53,2,3,5,1,0,1,"47,77","17,61,69",8,3,4,0,1,0,1,3,0,1,13,18,6,9,7,9,15,12,68,32
Cardiff City,Liverpool,Martin Atkinson,1.18,2.24,1.05,2.32,0,2,2,0,0,0,,"57,81",5,10,1,0,1,0,0,1,0,1,9,18,4,7,5,11,5,5,29,71
Chelsea,Burnley,Kevin Friend,2.24,0.94,2.21,0.89,2,2,4,4,2,2,"12,14","8,24",10,1,2,0,1,0,0,2,1,0,23,6,10,3,13,3,9,4,69,31
Watford,Southampton,Mike Dean,1.63,0.88,1.42,0.84,1,1,2,1,0,1,90,1,3,4,5,0,2,0,2,3,2,0,16,10,5,4,11,6,9,14,57,43
Tottenham Hotspur,Brighton & Hove Albion,Chris Kavanagh,2.13,0.71,2,0.68,1,0,1,0,0,0,88,,6,3,1,0,2,0,0,1,1,1,30,7,6,2,24,5,7,12,69,31
Wolverhampton Wanderers,Arsenal,Stuart Attwell,1.65,1.38,1.79,1.32,3,1,4,3,3,0,"28,37,45'2",80,5,5,2,0,3,0,1,1,3,0,13,14,5,3,8,11,12,9,30,70
Manchester United,Manchester City,Andre Marriner,2.19,2.19,1.89,2.32,0,2,2,0,0,0,,"54,66",1,1,2,0,2,0,1,1,2,0,9,7,3,4,6,3,10,10,40,60
Liverpool,Huddersfield Town,Kevin Friend,2.76,0.35,2.79,0.37,5,0,5,3,3,0,"1,23,45'1,66,83",,4,4,0,0,0,0,0,0,0,0,22,6,8,2,14,4,5,14,65,35
Tottenham Hotspur,West Ham United,Anthony Taylor,2.18,0.88,2,1.11,0,1,1,0,0,0,,67,2,7,0,0,2,0,0,0,1,1,14,19,6,10,8,9,3,8,60,40
Crystal Palace,Everton,Lee Mason,0.94,1.06,1.05,1.05,0,0,0,0,0,0,,,5,10,2,0,0,0,1,1,0,0,10,21,2,4,8,17,9,14,41,59
Fulham,Cardiff City,Chris Kavanagh,1.06,0.65,1.11,0.74,1,0,1,0,0,0,79,,10,3,0,0,0,0,0,0,0,0,9,15,3,9,6,6,9,8,63,37
Southampton,AFC Bournemouth,Graham Scott,1.24,0.88,1.21,0.84,3,3,6,3,1,2,"12,55,67","20,32,86",9,3,2,0,1,0,2,0,1,0,24,11,9,6,15,5,6,9,49,51
Watford,Wolverhampton Wanderers,Simon Hooper,1.59,1.18,1.42,1.21,1,2,3,1,0,1,49,"41,77",4,5,3,0,2,0,0,3,0,2,10,12,2,5,8,7,10,10,52,48
Brighton & Hove Albion,Newcastle United,Mike Dean,1.29,0.94,1.21,1.05,1,1,2,1,0,1,75,18,7,4,2,0,3,0,1,1,2,1,7,4,3,2,4,2,7,10,52,48
Leicester City,Arsenal,Michael Oliver,1.35,1.29,1.42,1.32,3,0,3,0,0,0,"59,86,90'5",,8,6,3,0,2,1,1,2,2,1,26,7,14,2,12,5,13,13,62,38
Burnley,Manchester City,Paul Tierney,1.35,2.24,1.21,2.32,0,1,1,0,0,0,,63,0,6,1,0,1,0,0,1,0,1,3,26,0,8,3,18,5,7,35,65
Manchester United,Chelsea,Martin Atkinson,2.06,1.65,1.89,1.58,1,1,2,2,1,1,11,43,6,6,3,0,2,0,1,2,0,2,7,16,5,4,2,12,9,14,52,48
Everton,Burnley,Chris Kavanagh,1.72,0.94,1.79,0.89,2,0,2,2,2,0,"17,20",,8,1,0,0,2,0,0,0,1,1,21,6,7,2,14,4,7,8,61,39
AFC Bournemouth,Tottenham Hotspur,Craig Pawson,1.44,1.83,1.53,1.74,1,0,1,0,0,0,90'1,,10,6,1,0,5,2,0,1,4,3,21,12,7,6,14,6,11,12,57,43
West Ham United,Southampton,Stuart Attwell,1.56,0.89,1.63,0.84,3,0,3,1,1,0,"16,69,72",,2,7,1,0,1,0,0,1,0,1,18,11,7,2,11,9,2,11,51,49
Wolverhampton Wanderers,Fulham,Jonathan Moss,1.72,0.28,1.79,0.26,1,0,1,0,0,0,75,,7,1,1,0,3,0,1,0,2,1,20,7,7,3,13,4,9,13,47,53
Cardiff City,Crystal Palace,Michael Oliver,1.11,1.44,1.05,1.53,2,3,5,3,1,2,"31,90","28,39,70",10,5,0,0,0,0,0,0,0,0,19,22,9,8,10,14,15,10,44,56
Newcastle United,Liverpool,Andre Marriner,1.39,2.28,1.32,2.32,2,3,5,3,1,2,"20,54","13,28,86",2,3,1,0,1,0,1,0,0,1,15,12,8,5,7,7,10,4,40,60
Chelsea,Watford,Paul Tierney,2.17,1.28,2.21,1.21,3,0,3,0,0,0,"48,51,75",,6,6,0,0,1,0,0,0,0,1,21,13,11,4,10,9,6,12,52,48
Huddersfield Town,Manchester United,Lee Mason,0.44,1.61,0.47,1.58,1,1,2,1,0,1,60,8,3,7,1,0,1,0,0,1,1,0,8,24,4,8,4,16,10,10,42,58
Arsenal,Brighton & Hove Albion,Anthony Taylor,2.44,0.67,2.37,0.68,1,1,2,1,1,0,9,61,16,3,5,0,2,0,1,4,1,1,20,12,9,6,11,6,8,13,68,32
Manchester City,Leicester City,Mike Dean,2.83,1.39,2.84,1.32,1,0,1,0,0,0,70,,11,0,3,0,2,0,2,1,1,1,20,8,6,3,14,5,11,4,61,39
Brighton & Hove Albion,Manchester City,Michael Oliver,1.28,2.28,1.21,2.32,1,4,5,3,1,2,27,"28,38,63,72",2,6,0,0,0,0,0,0,0,0,6,7,2,6,4,1,12,8,26,74
Burnley,Arsenal,Mike Dean,1.28,1.22,1.21,1.32,1,3,4,0,0,0,65,"52,63,90'4",4,5,5,0,1,0,3,2,0,1,15,17,5,7,10,10,11,3,47,53
Crystal Palace,AFC Bournemouth,Roger East,0.94,0.89,1.05,0.84,5,3,8,4,3,1,"24,32,37,65,80","45,56,73",4,4,3,0,0,0,0,3,0,0,18,17,9,9,9,8,13,8,43,57
Fulham,Newcastle United,Kevin Friend,1.17,0.94,1.11,1.05,0,4,4,2,0,2,,"9,11,61,90",5,5,1,0,0,0,0,1,0,0,16,15,3,7,13,8,3,7,61,39
Leicester City,Chelsea,Anthony Taylor,1.44,1.61,1.42,1.58,0,0,0,0,0,0,,,4,5,0,0,1,0,0,0,1,0,11,14,5,4,6,10,9,7,44,56
Liverpool,Wolverhampton Wanderers,Martin Atkinson,2.78,1.28,2.79,1.21,2,0,2,1,1,0,"17,81",,4,1,0,0,2,0,0,0,0,2,14,8,6,3,8,5,4,11,60,40
Manchester United,Cardiff City,Jonathan Moss,2,0.61,1.89,0.74,0,2,2,1,0,1,,"23,54",11,2,3,0,3,0,1,2,1,2,20,8,10,3,10,5,8,6,61,39
Southampton,Huddersfield Town,Lee Probert,1.22,0.33,1.21,0.37,1,1,2,1,1,0,41,55,4,3,0,0,1,0,0,0,0,1,12,11,4,4,8,7,8,6,54,46
Tottenham Hotspur,Everton,Andre Marriner,2.06,1.06,2,1.05,2,2,4,1,1,0,"3,75","69,72",7,4,0,0,2,0,0,0,0,2,12,18,4,10,8,8,10,13,57,43
Watford,West Ham United,Chris Kavanagh,1.5,1,1.42,1.11,1,4,5,2,0,2,46,"15,39,71,78",7,2,1,1,0,0,0,2,0,0,18,15,9,8,9,7,9,11,47,53
